Date,Symbol,Price,Decision,Reasoning
2025-12-30 00:21:13,Gold,4350.0,WAIT,"AI Error: 404 models/gemini-pro is not found for API version v1beta, or is not supported for generateContent. Call ListModels to see the list of available models and their supported methods."
2025-12-30 00:21:14,Silver,70.92500305175781,WAIT,"AI Error: 404 models/gemini-pro is not found for API version v1beta, or is not supported for generateContent. Call ListModels to see the list of available models and their supported methods."
2025-12-30 00:22:14,Gold,4351.2001953125,WAIT,"AI Error: 404 models/gemini-pro is not found for API version v1beta, or is not supported for generateContent. Call ListModels to see the list of available models and their supported methods."
2025-12-30 00:22:15,Silver,70.9749984741211,WAIT,"AI Error: 404 models/gemini-pro is not found for API version v1beta, or is not supported for generateContent. Call ListModels to see the list of available models and their supported methods."
2025-12-30 00:23:15,Gold,4349.0,WAIT,"AI Error: 404 models/gemini-pro is not found for API version v1beta, or is not supported for generateContent. Call ListModels to see the list of available models and their supported methods."
2025-12-30 00:23:15,Silver,70.88999938964844,WAIT,"AI Error: 404 models/gemini-pro is not found for API version v1beta, or is not supported for generateContent. Call ListModels to see the list of available models and their supported methods."
2025-12-30 00:24:15,Gold,4347.89990234375,WAIT,"AI Error: 404 models/gemini-pro is not found for API version v1beta, or is not supported for generateContent. Call ListModels to see the list of available models and their supported methods."
2025-12-30 00:24:16,Silver,70.81999969482422,WAIT,"AI Error: 404 models/gemini-pro is not found for API version v1beta, or is not supported for generateContent. Call ListModels to see the list of available models and their supported methods."
2025-12-30 00:25:16,Gold,4348.0,WAIT,"AI Error: 404 models/gemini-pro is not found for API version v1beta, or is not supported for generateContent. Call ListModels to see the list of available models and their supported methods."
2025-12-30 00:25:17,Silver,70.87000274658203,WAIT,"AI Error: 404 models/gemini-pro is not found for API version v1beta, or is not supported for generateContent. Call ListModels to see the list of available models and their supported methods."
2025-12-30 00:26:18,Gold,4349.2998046875,WAIT,"AI Error: 404 models/gemini-pro is not found for API version v1beta, or is not supported for generateContent. Call ListModels to see the list of available models and their supported methods."
2025-12-30 00:26:18,Silver,70.9800033569336,WAIT,"AI Error: 404 models/gemini-pro is not found for API version v1beta, or is not supported for generateContent. Call ListModels to see the list of available models and their supported methods."
2025-12-30 00:27:18,Gold,4348.7001953125,WAIT,"AI Error: 404 models/gemini-pro is not found for API version v1beta, or is not supported for generateContent. Call ListModels to see the list of available models and their supported methods."
2025-12-30 00:27:18,Silver,71.07499694824219,WAIT,"AI Error: 404 models/gemini-pro is not found for API version v1beta, or is not supported for generateContent. Call ListModels to see the list of available models and their supported methods."
2025-12-30 00:28:19,Gold,4349.60009765625,WAIT,"AI Error: 404 models/gemini-pro is not found for API version v1beta, or is not supported for generateContent. Call ListModels to see the list of available models and their supported methods."
2025-12-30 00:28:19,Silver,71.11499786376953,WAIT,"AI Error: 404 models/gemini-pro is not found for API version v1beta, or is not supported for generateContent. Call ListModels to see the list of available models and their supported methods."
